{
	"version":"1.1",
	"parts":{
		"bj":{
			"zPosition":4, 
			"width":360,
			"height":640,
			"frameCount":48,
			"triggerType":4,
			"triggerLoop":1,
			"triggerDelay":5,
			"triggerStop":false, 
			"scale":{			
				"scaleX":{		
					"pointA":[{"x":0.0,"y":0.0,"index":106}],
					"pointB":[{"x":360.0,"y":0.0,"index":107}]
				},
				"scaleY":{		
					"pointA":[],
					"pointB":[]
				}
			},
            "positionType":0,	
            "positionRelationType":0, 	
			"position":{		
				"positionX":[{"x":0.0,"y":0.0,"index":106},{"x":360.0,"y":0.0,"index":107}],		
				"positionY":[]		
			},
			"rotateCenter":[
			 	{"x":180.0,"y":320.0}
			]
		},
		"hongyun":{
			"zPosition":3,
			"width":105,
			"height":53,
			"frameCount":46,
			"triggerType":4,
			"triggerLoop":1,
			"triggerDelay":7,
			"triggerStop":false,
            "scale":{			
				"scaleX":{		
					"pointA":[{"x":31.0,"y":8.0,"index":74}],
					"pointB":[{"x":74.0,"y":8.0,"index":77}]
				},
				"scaleY":{		
					"pointA":[],
					"pointB":[]
				}
			},
            "positionType":1,	
            "positionRelationType":1, 	
			"position":{		
				"positionX":[{"x":52.0,"y":16.0,"index":44}],		
				"positionY":[]		
			},
			"rotateCenter":[
			 	{"x":52.0,"y":36.0,"index":46}
			]
		},
		"logo":{
			"zPosition":2,
			"width":360,
			"height":640,
			"frameCount":1,
			"triggerType":0,
			"triggerLoop":0,
			"triggerDelay":0,
			"triggerStop":false, 
            "scale":{			
				"scaleX":{		
					"pointA":[{"x":0.0,"y":640.0,"index":108}],
					"pointB":[{"x":360.0,"y":640.0,"index":109}]
				},
				"scaleY":{		
					"pointA":[],
					"pointB":[]
				}
			},
            "positionType":0,	
            "positionRelationType":0, 	
			"position":{		
				"positionX":[{"x":0.0,"y":640.0,"index":108},{"x":360.0,"y":640.0,"index":109}],		
				"positionY":[]		
			},
			"rotateCenter":[
			 	{"x":180.0,"y":320.0}
			]
		},
		"toufa":{
			"zPosition":1,
			"width":265,
			"height":248,
			"frameCount":52,
			"triggerType":4,
			"triggerLoop":1,
			"triggerDelay":20,
			"triggerStop":false,
            "scale":{			
				"scaleX":{		
					"pointA":[{"x":98.0,"y":188.0,"index":74}],
					"pointB":[{"x":149.0,"y":168.0,"index":77}]
				},
				"scaleY":{		
					"pointA":[],
					"pointB":[]
				}
			},
            "positionType":1,	
            "positionRelationType":1, 	
			"position":{		
				"positionX":[{"x":98.0,"y":188.0,"index":74},{"x":149.0,"y":168.0,"index":77}],		
				"positionY":[]		
			},
			"rotateCenter":[
			 	{"x":124.0,"y":220.0,"index":46}
			]
		},
			"shou":{
			"zPosition":0,
			"type":2,
			"width":142,
			"height":184,
			"frameCount":97,
			"triggerType":0,
			"triggerLoop":0,
			"triggerDelay":0,
			"triggerStop":false,
            "scale":{			
				"scaleX":{		
					"pointA":[{"x":69.0,"y":-65.0,"index":74}],
					"pointB":[{"x":136.0,"y":-66.0,"index":77}]
				},
				"scaleY":{		
					"pointA":[],
					"pointB":[]
				}
			},
            "positionType":1,	
            "positionRelationType":1, 	
			"position":{		
				"positionX":[{"x":98.0,"y":10.0,"index":101},{"x":112.0,"y":10.0,"index":103}],		
				"positionY":[]		
			},
			"rotateCenter":[
			 	{"x":102.0,"y":-20.0,"index":46}
			]
		}
	}
}